window,SemEval2017_CoTagRankWindow
5,0.267300
10,0.273400
15,0.275500
20,0.275500
25,0.277300