window,Inspec_CoTagRankWindow
5,0.224700
10,0.227500
15,0.227700
20,0.228700
25,0.231200